{
  "trained_at": "2026-06-15T01:00:36.181012+00:00",
  "model_type": "XGBClassifier",
  "hyperparameters": {
    "n_estimators": 200,
    "max_depth": 6,
    "learning_rate": 0.05,
    "subsample": 0.8,
    "colsample_bytree": 0.8,
    "random_state": 42,
    "eval_metric": "logloss"
  },
  "categorical_columns": [
    "Gender",
    "Partner",
    "Dependents",
    "Phone Service",
    "Multiple Lines",
    "Internet Service",
    "Online Security",
    "Online Backup",
    "Device Protection",
    "Tech Support",
    "Streaming TV",
    "Streaming Movies",
    "Contract",
    "Paperless Billing",
    "Payment Method"
  ],
  "metrics": {
    "threshold": 0.37,
    "accuracy": 0.7708,
    "precision_churn": 0.5484,
    "recall_churn": 0.7727,
    "f1_churn": 0.6415,
    "accuracy_default": 0.785,
    "precision_default": 0.5816,
    "recall_default": 0.6765,
    "f1_default": 0.6255,
    "classification_report": {
      "0": {
        "precision": 0.9036281179138322,
        "recall": 0.770048309178744,
        "f1-score": 0.8315075639019301,
        "support": 1035.0
      },
      "1": {
        "precision": 0.5483870967741935,
        "recall": 0.7727272727272727,
        "f1-score": 0.6415094339622641,
        "support": 374.0
      },
      "accuracy": 0.7707594038325053,
      "macro avg": {
        "precision": 0.7260076073440129,
        "recall": 0.7713877909530084,
        "f1-score": 0.7365084989320971,
        "support": 1409.0
      },
      "weighted avg": {
        "precision": 0.8093341917916002,
        "recall": 0.7707594038325053,
        "f1-score": 0.7810751291273134,
        "support": 1409.0
      }
    }
  }
}