{
  "trained_at": "2026-06-16T19:33:30.690995+00:00",
  "model_type": "XGBClassifier",
  "hyperparameters": {
    "n_estimators": 270,
    "max_depth": 7,
    "learning_rate": 0.022554,
    "subsample": 0.515124,
    "min_child_weight": 1,
    "gamma": 0.128656,
    "reg_alpha": 0.339024,
    "reg_lambda": 1.587913,
    "colsample_bytree": 0.8,
    "random_state": 42,
    "eval_metric": "logloss"
  },
  "categorical_columns": [
    "Gender",
    "Partner",
    "Dependents",
    "Phone Service",
    "Multiple Lines",
    "Internet Service",
    "Online Security",
    "Online Backup",
    "Device Protection",
    "Tech Support",
    "Streaming TV",
    "Streaming Movies",
    "Contract",
    "Paperless Billing",
    "Payment Method"
  ],
  "metrics": {
    "threshold": 0.41,
    "accuracy": 0.7814,
    "precision_churn": 0.565,
    "recall_churn": 0.7674,
    "f1_churn": 0.6508,
    "accuracy_default": 0.7864,
    "precision_default": 0.5843,
    "recall_default": 0.6765,
    "f1_default": 0.627,
    "classification_report": {
      "0": {
        "precision": 0.9034406215316315,
        "recall": 0.7864734299516908,
        "f1-score": 0.8409090909090909,
        "support": 1035.0
      },
      "1": {
        "precision": 0.5649606299212598,
        "recall": 0.767379679144385,
        "f1-score": 0.6507936507936508,
        "support": 374.0
      },
      "accuracy": 0.7814052519517388,
      "macro avg": {
        "precision": 0.7342006257264457,
        "recall": 0.7769265545480379,
        "f1-score": 0.7458513708513709,
        "support": 1409.0
      },
      "weighted avg": {
        "precision": 0.8135956840850176,
        "recall": 0.7814052519517388,
        "f1-score": 0.7904455177343751,
        "support": 1409.0
      }
    }
  }
}