{
  "trained_at": "2026-06-14T21:19:49.624542+00:00",
  "model_type": "XGBClassifier",
  "hyperparameters": {
    "n_estimators": 200,
    "max_depth": 6,
    "learning_rate": 0.05,
    "subsample": 0.8,
    "colsample_bytree": 0.8,
    "random_state": 42,
    "eval_metric": "logloss"
  },
  "categorical_columns": [
    "Gender",
    "Partner",
    "Dependents",
    "Phone Service",
    "Multiple Lines",
    "Internet Service",
    "Online Security",
    "Online Backup",
    "Device Protection",
    "Tech Support",
    "Streaming TV",
    "Streaming Movies",
    "Contract",
    "Paperless Billing",
    "Payment Method"
  ],
  "metrics": {
    "accuracy": 0.785,
    "classification_report": {
      "0": {
        "precision": 0.8757700205338809,
        "recall": 0.8241545893719807,
        "f1-score": 0.8491786958685913,
        "support": 1035.0
      },
      "1": {
        "precision": 0.5816091954022988,
        "recall": 0.6764705882352942,
        "f1-score": 0.6254635352286774,
        "support": 374.0
      },
      "accuracy": 0.7849538679914834,
      "macro avg": {
        "precision": 0.7286896079680898,
        "recall": 0.7503125888036375,
        "f1-score": 0.7373211155486343,
        "support": 1409.0
      },
      "weighted avg": {
        "precision": 0.7976890066238654,
        "recall": 0.7849538679914834,
        "f1-score": 0.7897965311565063,
        "support": 1409.0
      }
    }
  }
}